{
  "name": "CONVERT_LEAD_TO_DEAL",
  "nodes": [
    {
      "parameters": {
        "httpMethod": "POST",
        "path": "CONVERT_LEAD_TO_DEAL",
        "options": {}
      },
      "name": "Webhook",
      "type": "n8n-nodes-base.webhook",
      "typeVersion": 1,
      "position": [
        0,
        0
      ],
      "id": "a0e7bb25-a43a-45c3-89d8-8b1e79548da0",
      "webhookId": "f0e9d8c7-b6a5-4321-fedc-ba9876543210"
    },
    {
      "parameters": {
        "authentication": "headerAuth",
        "requestMethod": "POST",
        "url": "={{ $(\"Webhook\").item.json.body.crmBaseUrl }}/api/method/frappe.crm.doctype.lead.lead.convert_lead",
        "jsonParameters": true,
        "options": {},
        "bodyParametersJson": "={{ { \"lead\": $(\"Webhook\").item.json.body.leadName } }}"
      },
      "name": "Convert Lead",
      "type": "n8n-nodes-base.httpRequest",
      "typeVersion": 1,
      "position": [
        224,
        0
      ],
      "id": "9ba75c69-84b6-4c54-88ef-2c13021571b2",
      "credentials": {
        "httpHeaderAuth": {
          "id": "usDoofPm00vuGNxF",
          "name": "Header Auth account"
        }
      }
    },
    {
      "parameters": {
        "authentication": "headerAuth",
        "requestMethod": "PUT",
        "url": "={{ $(\"Webhook\").item.json.body.crmBaseUrl }}/api/resource/Lead/{{ $(\"Webhook\").item.json.body.leadName }}",
        "jsonParameters": true,
        "options": {},
        "bodyParametersJson": "{\n  \"status\": \"Converted\"\n}"
      },
      "name": "Update Lead Status",
      "type": "n8n-nodes-base.httpRequest",
      "typeVersion": 1,
      "position": [
        448,
        0
      ],
      "id": "9489a3f4-e631-4890-94ad-e8defb344d01",
      "credentials": {
        "httpHeaderAuth": {
          "id": "usDoofPm00vuGNxF",
          "name": "Header Auth account"
        }
      }
    },
    {
      "parameters": {
        "requestMethod": "POST",
        "url": "https://api.telegram.org/bot{{ $(\"Webhook\").item.json.body.telegramBotToken }}/sendMessage",
        "jsonParameters": true,
        "options": {},
        "bodyParametersJson": "{\n  \"chat_id\": {{ $(\"Webhook\").item.json.body.chatId }},\n  \"text\": \"Lead '{{ $(\"Webhook\").item.json.body.leadName }}' converted to Deal and status updated!\",\n  \"parse_mode\": \"Markdown\"\n}"
      },
      "name": "Send Confirmation",
      "type": "n8n-nodes-base.httpRequest",
      "typeVersion": 1,
      "position": [
        672,
        0
      ],
      "id": "b4b31d8c-945a-4819-99d3-5dd176a04971"
    }
  ],
  "pinData": {},
  "connections": {
    "Webhook": {
      "main": [
        [
          {
            "node": "Convert Lead",
            "type": "main",
            "index": 0
          }
        ]
      ]
    },
    "Convert Lead": {
      "main": [
        [
          {
            "node": "Update Lead Status",
            "type": "main",
            "index": 0
          }
        ]
      ]
    },
    "Update Lead Status": {
      "main": [
        [
          {
            "node": "Send Confirmation",
            "type": "main",
            "index": 0
          }
        ]
      ]
    }
  },
  "active": false,
  "settings": {
    "executionOrder": "v1"
  },
  "versionId": "2a93f596-26d3-4b27-be60-f9373d631076",
  "meta": {
    "templateCredsSetupCompleted": true,
    "instanceId": "6b4c3f07ffb2a9fbb4da3043f5991767bcfa9a87470082c7cd7bb38a6a0433a3"
  },
  "id": "9B3i436QPII2p0IW",
  "tags": []
}